[
  {
    "value": "B038",
    "synonyms": [
      "B038"
    ]
  },
  {
    "value": "B034",
    "synonyms": [
      "B034"
    ]
  },
  {
    "value": "B022",
    "synonyms": [
      "B022"
    ]
  },
  {
    "value": "C020",
    "synonyms": [
      "C020"
    ]
  },
  {
    "value": "A013",
    "synonyms": [
      "A013"
    ]
  },
  {
    "value": "Amphithéâtre sud",
    "synonyms": [
      "Amphithéâtre sud"
    ]
  },
  {
    "value": "Discord",
    "synonyms": [
      "Discord"
    ]
  },
  {
    "value": "Teams",
    "synonyms": [
      "Teams"
    ]
  },
  {
    "value": "Amphithéâtre Nord",
    "synonyms": [
      "Amphithéâtre Nord"
    ]
  }
]