[
  {
    "value": "Malaury",
    "synonyms": [
      "Malaury"
    ]
  },
  {
    "value": "Pierre",
    "synonyms": [
      "Pierre"
    ]
  },
  {
    "value": "Lucas",
    "synonyms": [
      "Lucas"
    ]
  },
  {
    "value": "Antoine",
    "synonyms": [
      "Antoine"
    ]
  },
  {
    "value": "Florent",
    "synonyms": [
      "Florent"
    ]
  },
  {
    "value": "Lucie",
    "synonyms": [
      "Lucie"
    ]
  },
  {
    "value": "Marion",
    "synonyms": [
      "Marion"
    ]
  },
  {
    "value": "Esther",
    "synonyms": [
      "Esther"
    ]
  },
  {
    "value": "Thibault",
    "synonyms": [
      "Thibault"
    ]
  }
]