[
  {
    "value": "Ahu+",
    "synonyms": [
      "Ahu+"
    ]
  },
  {
    "value": "Oskou+r",
    "synonyms": [
      "Oskou+r"
    ]
  },
  {
    "value": "OSKOU+R",
    "synonyms": [
      "OSKOU+R"
    ]
  },
  {
    "value": "Alè+d",
    "synonyms": [
      "Alè+d"
    ]
  },
  {
    "value": "ALE+D",
    "synonyms": [
      "ALE+D"
    ]
  },
  {
    "value": "ahu+",
    "synonyms": [
      "ahu+"
    ]
  },
  {
    "value": "oskou+r",
    "synonyms": [
      "oskou+r"
    ]
  },
  {
    "value": "alè+d",
    "synonyms": [
      "alè+d"
    ]
  },
  {
    "value": "AHU+",
    "synonyms": [
      "AHU+"
    ]
  }
]