[
  {
    "id": "8914f1cd-7a1c-492d-ac18-042320786233",
    "data": [
      {
        "text": "Et n",
        "userDefined": false
      },
      {
        "text": "\u0027",
        "meta": "@sys.ignore",
        "userDefined": false
      },
      {
        "text": "oublie pas que la prochaine ",
        "userDefined": false
      },
      {
        "text": "conférence",
        "meta": "@event",
        "alias": "event",
        "userDefined": false
      },
      {
        "text": " est prévue ",
        "userDefined": false
      },
      {
        "text": "le 12/08 à 15h",
        "meta": "@sys.date-time",
        "alias": "time",
        "userDefined": false
      },
      {
        "text": " en ",
        "userDefined": false
      },
      {
        "text": "Amphithéâtre Sud",
        "meta": "@lieux",
        "alias": "lieux",
        "userDefined": false
      },
      {
        "text": " !",
        "userDefined": false
      }
    ],
    "isTemplate": false,
    "count": 0,
    "lang": "fr",
    "updated": 0
  },
  {
    "id": "def81187-fbd2-4222-a08f-7e17f5901f5c",
    "data": [
      {
        "text": "D",
        "userDefined": false
      },
      {
        "text": "\u0027",
        "meta": "@sys.ignore",
        "userDefined": false
      },
      {
        "text": "ailleurs la prochaine ",
        "userDefined": false
      },
      {
        "text": "réunion",
        "meta": "@event",
        "alias": "event",
        "userDefined": false
      },
      {
        "text": " ",
        "userDefined": false
      },
      {
        "text": "est",
        "meta": "@sys.ignore",
        "userDefined": false
      },
      {
        "text": " prévue pour ",
        "userDefined": false
      },
      {
        "text": "vendredi prochain à 10h",
        "meta": "@sys.date-time",
        "alias": "time",
        "userDefined": false
      },
      {
        "text": " ",
        "userDefined": false
      },
      {
        "text": "et",
        "meta": "@sys.ignore",
        "userDefined": false
      },
      {
        "text": " sera ",
        "userDefined": false
      },
      {
        "text": "en",
        "meta": "@sys.ignore",
        "userDefined": false
      },
      {
        "text": " ",
        "userDefined": false
      },
      {
        "text": "B022",
        "meta": "@lieux",
        "alias": "lieux",
        "userDefined": false
      }
    ],
    "isTemplate": false,
    "count": 0,
    "lang": "fr",
    "updated": 0
  },
  {
    "id": "941f3b99-5462-4338-b622-905e39f584fb",
    "data": [
      {
        "text": "Ah et",
        "meta": "@sys.ignore",
        "userDefined": false
      },
      {
        "text": " n",
        "userDefined": false
      },
      {
        "text": "\u0027",
        "meta": "@sys.ignore",
        "userDefined": false
      },
      {
        "text": "oublie pas que la prochaine ",
        "userDefined": false
      },
      {
        "text": "conférence",
        "meta": "@event",
        "alias": "event",
        "userDefined": false
      },
      {
        "text": " est prévue en ",
        "userDefined": false
      },
      {
        "text": "Amphithéâtre Sud",
        "meta": "@lieux",
        "alias": "lieux",
        "userDefined": false
      },
      {
        "text": " ",
        "userDefined": false
      },
      {
        "text": "le 12/08 à 10h30",
        "meta": "@sys.date-time",
        "alias": "time",
        "userDefined": false
      },
      {
        "text": " ",
        "userDefined": false
      },
      {
        "text": "!",
        "meta": "@sys.ignore",
        "userDefined": false
      }
    ],
    "isTemplate": false,
    "count": 0,
    "lang": "fr",
    "updated": 0
  },
  {
    "id": "58dbec7d-0ff0-4f32-a9d8-30f706b61640",
    "data": [
      {
        "text": "N",
        "userDefined": false
      },
      {
        "text": "\u0027",
        "meta": "@event",
        "alias": "event",
        "userDefined": false
      },
      {
        "text": "oublie",
        "meta": "@sys.ignore",
        "userDefined": false
      },
      {
        "text": " pas que la prochaine ",
        "userDefined": false
      },
      {
        "text": "réunion",
        "meta": "@event",
        "alias": "event",
        "userDefined": false
      },
      {
        "text": " sera ",
        "userDefined": false
      },
      {
        "text": "vendredi prochain à 14h",
        "meta": "@sys.date-time",
        "alias": "time",
        "userDefined": false
      },
      {
        "text": " ",
        "userDefined": false
      },
      {
        "text": "en",
        "meta": "@sys.ignore",
        "userDefined": false
      },
      {
        "text": " ",
        "userDefined": false
      },
      {
        "text": "B038",
        "meta": "@lieux",
        "alias": "lieux",
        "userDefined": false
      },
      {
        "text": " !",
        "userDefined": false
      }
    ],
    "isTemplate": false,
    "count": 0,
    "lang": "fr",
    "updated": 0
  },
  {
    "id": "29972a84-0c3c-45e7-bfcc-842d589a13d7",
    "data": [
      {
        "text": "Au fait, je pense organiser ",
        "userDefined": false
      },
      {
        "text": "une",
        "meta": "@sys.ignore",
        "userDefined": false
      },
      {
        "text": " ",
        "userDefined": false
      },
      {
        "text": "conférence",
        "meta": "@event",
        "alias": "event",
        "userDefined": false
      },
      {
        "text": " ",
        "userDefined": false
      },
      {
        "text": "le 14/08 à 14h",
        "meta": "@sys.date-time",
        "alias": "time",
        "userDefined": false
      }
    ],
    "isTemplate": false,
    "count": 0,
    "lang": "fr",
    "updated": 0
  },
  {
    "id": "80f54531-013a-4e07-b942-825282a28303",
    "data": [
      {
        "text": "@ChatBot",
        "meta": "@BotName",
        "alias": "BotName",
        "userDefined": true
      },
      {
        "text": " Prévois une ",
        "userDefined": false
      },
      {
        "text": "réunion",
        "meta": "@event",
        "alias": "event",
        "userDefined": true
      },
      {
        "text": " ",
        "userDefined": false
      },
      {
        "text": "le 13/07 à 14h",
        "meta": "@sys.date-time",
        "alias": "time",
        "userDefined": true
      },
      {
        "text": " en ",
        "userDefined": false
      },
      {
        "text": "B028",
        "meta": "@lieux",
        "alias": "lieux",
        "userDefined": true
      }
    ],
    "isTemplate": false,
    "count": 0,
    "lang": "fr",
    "updated": 0
  },
  {
    "id": "063dd423-200c-4189-a7c4-e4898e0046da",
    "data": [
      {
        "text": "On",
        "meta": "@sys.ignore",
        "userDefined": false
      },
      {
        "text": " fera ",
        "userDefined": false
      },
      {
        "text": "une",
        "meta": "@sys.ignore",
        "userDefined": false
      },
      {
        "text": " ",
        "userDefined": false
      },
      {
        "text": "réunion",
        "meta": "@event",
        "alias": "event",
        "userDefined": false
      },
      {
        "text": " à ",
        "userDefined": false
      },
      {
        "text": "ce sujet la semaine",
        "meta": "@sys.ignore",
        "userDefined": false
      },
      {
        "text": " prochaine",
        "userDefined": false
      }
    ],
    "isTemplate": false,
    "count": 0,
    "lang": "fr",
    "updated": 0
  },
  {
    "id": "211da74f-d068-4782-bc37-b2fdb7fb949b",
    "data": [
      {
        "text": "Je pense organiser",
        "meta": "@sys.ignore",
        "userDefined": false
      },
      {
        "text": " ",
        "userDefined": false
      },
      {
        "text": "une",
        "meta": "@sys.ignore",
        "userDefined": false
      },
      {
        "text": " ",
        "userDefined": false
      },
      {
        "text": "conférence",
        "meta": "@event",
        "alias": "event",
        "userDefined": false
      },
      {
        "text": " ",
        "userDefined": false
      },
      {
        "text": "le 14/08 à 14h",
        "meta": "@sys.date-time",
        "alias": "time",
        "userDefined": false
      }
    ],
    "isTemplate": false,
    "count": 0,
    "lang": "fr",
    "updated": 0
  },
  {
    "id": "05f889ab-2312-4fb4-abbf-0ac50b8d98db",
    "data": [
      {
        "text": "Je pense caler la",
        "meta": "@sys.ignore",
        "userDefined": false
      },
      {
        "text": " prochaine ",
        "userDefined": false
      },
      {
        "text": "réunion",
        "meta": "@event",
        "alias": "event",
        "userDefined": false
      },
      {
        "text": " ",
        "userDefined": false
      },
      {
        "text": "lundi prochain à 14h",
        "meta": "@sys.date-time",
        "alias": "time",
        "userDefined": false
      }
    ],
    "isTemplate": false,
    "count": 0,
    "lang": "fr",
    "updated": 0
  },
  {
    "id": "a6a6ea4f-0f0f-4397-a16d-068945eb525d",
    "data": [
      {
        "text": "On ",
        "userDefined": false
      },
      {
        "text": "se retrouve",
        "meta": "@sys.ignore",
        "userDefined": false
      },
      {
        "text": " pour la ",
        "userDefined": false
      },
      {
        "text": "réunion",
        "meta": "@event",
        "alias": "event",
        "userDefined": true
      },
      {
        "text": " ",
        "userDefined": false
      },
      {
        "text": "demain à 10h",
        "meta": "@sys.date-time",
        "alias": "time",
        "userDefined": false
      },
      {
        "text": " ",
        "userDefined": false
      },
      {
        "text": "en",
        "meta": "@sys.ignore",
        "userDefined": false
      },
      {
        "text": " ",
        "userDefined": false
      },
      {
        "text": "B024",
        "meta": "@lieux",
        "alias": "lieux",
        "userDefined": false
      }
    ],
    "isTemplate": false,
    "count": 0,
    "lang": "fr",
    "updated": 0
  },
  {
    "id": "01b911e5-efa2-4e12-aec1-26d9f74821b9",
    "data": [
      {
        "text": "La prochaine ",
        "userDefined": false
      },
      {
        "text": "réunion",
        "meta": "@event",
        "alias": "event",
        "userDefined": false
      },
      {
        "text": " sera ",
        "userDefined": false
      },
      {
        "text": "vendredi prochain à 14h",
        "meta": "@sys.date-time",
        "alias": "time",
        "userDefined": false
      },
      {
        "text": " ",
        "userDefined": false
      },
      {
        "text": "en",
        "meta": "@sys.ignore",
        "userDefined": false
      },
      {
        "text": " ",
        "userDefined": false
      },
      {
        "text": "B038",
        "meta": "@lieux",
        "alias": "lieux",
        "userDefined": false
      }
    ],
    "isTemplate": false,
    "count": 0,
    "lang": "fr",
    "updated": 0
  },
  {
    "id": "2c055ac5-c323-4227-9bc1-5f1b30e234f1",
    "data": [
      {
        "text": "Prévois une ",
        "userDefined": false
      },
      {
        "text": "réunion",
        "meta": "@event",
        "alias": "event",
        "userDefined": false
      },
      {
        "text": " ",
        "userDefined": false
      },
      {
        "text": "le 13/07 à 14h",
        "meta": "@sys.date-time",
        "alias": "time",
        "userDefined": false
      },
      {
        "text": " ",
        "userDefined": false
      },
      {
        "text": "en",
        "meta": "@sys.ignore",
        "userDefined": false
      },
      {
        "text": " ",
        "userDefined": false
      },
      {
        "text": "B028",
        "meta": "@lieux",
        "alias": "lieux",
        "userDefined": false
      }
    ],
    "isTemplate": false,
    "count": 0,
    "lang": "fr",
    "updated": 0
  },
  {
    "id": "4f844885-914f-4f18-8bfe-cc9caa686941",
    "data": [
      {
        "text": "Ajoute au calendrier ",
        "userDefined": false
      },
      {
        "text": "une",
        "meta": "@sys.ignore",
        "userDefined": false
      },
      {
        "text": " ",
        "userDefined": false
      },
      {
        "text": "réunion",
        "meta": "@event",
        "alias": "event",
        "userDefined": false
      },
      {
        "text": " en ",
        "userDefined": false
      },
      {
        "text": "B029",
        "meta": "@lieux",
        "alias": "lieux",
        "userDefined": false
      },
      {
        "text": " ",
        "userDefined": false
      },
      {
        "text": "demain à 8h30",
        "meta": "@sys.date-time",
        "alias": "time",
        "userDefined": false
      }
    ],
    "isTemplate": false,
    "count": 0,
    "lang": "fr",
    "updated": 0
  },
  {
    "id": "a59652b5-c0ff-4795-ad74-f88595bbbf39",
    "data": [
      {
        "text": "Programme ",
        "userDefined": false
      },
      {
        "text": "une",
        "meta": "@sys.ignore",
        "userDefined": false
      },
      {
        "text": " ",
        "userDefined": false
      },
      {
        "text": "conférence",
        "meta": "@event",
        "alias": "event",
        "userDefined": false
      },
      {
        "text": " ",
        "userDefined": false
      },
      {
        "text": "jeudi à 12h",
        "meta": "@sys.date-time",
        "alias": "time",
        "userDefined": false
      },
      {
        "text": " dans ",
        "userDefined": false
      },
      {
        "text": "l",
        "meta": "@sys.ignore",
        "userDefined": false
      },
      {
        "text": "\u0027",
        "userDefined": false
      },
      {
        "text": "amphithéâtre sud",
        "meta": "@lieux",
        "alias": "lieux",
        "userDefined": true
      }
    ],
    "isTemplate": false,
    "count": 0,
    "lang": "fr",
    "updated": 0
  },
  {
    "id": "ca2b6b18-0136-4399-88ff-8a277a912213",
    "data": [
      {
        "text": "Peux-tu programmer ",
        "userDefined": false
      },
      {
        "text": "une",
        "meta": "@sys.ignore",
        "userDefined": false
      },
      {
        "text": " ",
        "userDefined": false
      },
      {
        "text": "réunion",
        "meta": "@event",
        "alias": "event",
        "userDefined": false
      },
      {
        "text": " en ",
        "userDefined": false
      },
      {
        "text": "B89",
        "meta": "@lieux",
        "alias": "lieux",
        "userDefined": false
      },
      {
        "text": " ",
        "userDefined": false
      },
      {
        "text": "lundi à 9h",
        "meta": "@sys.date-time",
        "alias": "time",
        "userDefined": false
      },
      {
        "text": "?",
        "userDefined": false
      }
    ],
    "isTemplate": false,
    "count": 0,
    "lang": "fr",
    "updated": 0
  },
  {
    "id": "0f53f657-38e3-4a23-8ba3-55e11e349856",
    "data": [
      {
        "text": "Prévois ",
        "userDefined": false
      },
      {
        "text": "une",
        "meta": "@sys.ignore",
        "userDefined": false
      },
      {
        "text": " ",
        "userDefined": false
      },
      {
        "text": "conférence",
        "meta": "@event",
        "alias": "event",
        "userDefined": false
      },
      {
        "text": " ",
        "userDefined": false
      },
      {
        "text": "en",
        "meta": "@sys.ignore",
        "userDefined": false
      },
      {
        "text": " ",
        "userDefined": false
      },
      {
        "text": "B013",
        "meta": "@lieux",
        "alias": "lieux",
        "userDefined": false
      },
      {
        "text": " ",
        "userDefined": false
      },
      {
        "text": "demain à 15h",
        "meta": "@sys.date-time",
        "alias": "time",
        "userDefined": false
      }
    ],
    "isTemplate": false,
    "count": 0,
    "lang": "fr",
    "updated": 0
  },
  {
    "id": "7d5a366b-4774-4c05-b475-770c43189b98",
    "data": [
      {
        "text": "Ajoute au calendrier ",
        "userDefined": false
      },
      {
        "text": "une",
        "meta": "@sys.ignore",
        "userDefined": false
      },
      {
        "text": " ",
        "userDefined": false
      },
      {
        "text": "visioconf",
        "meta": "@event",
        "alias": "event",
        "userDefined": false
      },
      {
        "text": " sur ",
        "userDefined": false
      },
      {
        "text": "Discord",
        "meta": "@lieux",
        "alias": "lieux",
        "userDefined": true
      },
      {
        "text": " ",
        "userDefined": false
      },
      {
        "text": "mardi à 10h",
        "meta": "@sys.date-time",
        "alias": "time",
        "userDefined": false
      }
    ],
    "isTemplate": false,
    "count": 0,
    "lang": "fr",
    "updated": 0
  },
  {
    "id": "e4a215c9-377d-4194-94fe-6527174f0ff4",
    "data": [
      {
        "text": "Crée ",
        "userDefined": false
      },
      {
        "text": "une",
        "meta": "@sys.ignore",
        "userDefined": false
      },
      {
        "text": " ",
        "userDefined": false
      },
      {
        "text": "réunion",
        "meta": "@event",
        "alias": "event",
        "userDefined": false
      },
      {
        "text": " ",
        "userDefined": false
      },
      {
        "text": "après-demain à 14h",
        "meta": "@sys.date-time",
        "alias": "time",
        "userDefined": false
      },
      {
        "text": " ",
        "userDefined": false
      },
      {
        "text": "en",
        "meta": "@sys.ignore",
        "userDefined": false
      },
      {
        "text": " ",
        "userDefined": false
      },
      {
        "text": "salle",
        "meta": "@sys.ignore",
        "userDefined": false
      },
      {
        "text": " ",
        "userDefined": false
      },
      {
        "text": "B038",
        "meta": "@lieux",
        "alias": "lieux",
        "userDefined": false
      }
    ],
    "isTemplate": false,
    "count": 0,
    "lang": "fr",
    "updated": 0
  }
]