[
  {
    "id": "d4e62f51-61bd-4e40-92a6-ad17bee5a8c8",
    "data": [
      {
        "text": "Au fait, qu\u0027est que le ",
        "userDefined": false
      },
      {
        "text": "bot",
        "meta": "@BotName",
        "alias": "BotName",
        "userDefined": false
      },
      {
        "text": " peut faire pour nous?",
        "userDefined": false
      }
    ],
    "isTemplate": false,
    "count": 0,
    "lang": "fr",
    "updated": 0
  },
  {
    "id": "b93423fd-89b2-4af6-be3e-09bb90dc8023",
    "data": [
      {
        "text": "Je me ",
        "userDefined": false
      },
      {
        "text": "demande",
        "meta": "@sys.ignore",
        "userDefined": false
      },
      {
        "text": " ce que le ",
        "userDefined": false
      },
      {
        "text": "bot",
        "meta": "@BotName",
        "alias": "BotName",
        "userDefined": false
      },
      {
        "text": " peut faire pour nous",
        "userDefined": false
      }
    ],
    "isTemplate": false,
    "count": 0,
    "lang": "fr",
    "updated": 0
  },
  {
    "id": "0c6bcf4d-5e7a-4daf-9081-3d975bc34e81",
    "data": [
      {
        "text": "@chatbot",
        "meta": "@BotName",
        "alias": "BotName",
        "userDefined": true
      },
      {
        "text": " que peux-tu faire pour moi?",
        "userDefined": false
      }
    ],
    "isTemplate": false,
    "count": 0,
    "lang": "fr",
    "updated": 0
  },
  {
    "id": "43289d23-9dc2-4334-8598-1928777720ef",
    "data": [
      {
        "text": "A quoi sert ",
        "userDefined": false
      },
      {
        "text": "ChatBot",
        "meta": "@BotName",
        "alias": "BotName",
        "userDefined": true
      },
      {
        "text": "?",
        "userDefined": false
      }
    ],
    "isTemplate": false,
    "count": 0,
    "lang": "fr",
    "updated": 0
  },
  {
    "id": "3fad5b0f-a779-4c7c-bcad-632718f29669",
    "data": [
      {
        "text": "Qu\u0027est que le ",
        "userDefined": false
      },
      {
        "text": "bot",
        "meta": "@BotName",
        "alias": "BotName",
        "userDefined": true
      },
      {
        "text": " peut faire pour nous?",
        "userDefined": false
      }
    ],
    "isTemplate": false,
    "count": 0,
    "lang": "fr",
    "updated": 0
  },
  {
    "id": "bf25ec2a-948a-4b3e-922c-f9dcc20c84c1",
    "data": [
      {
        "text": "Qu\u0027est-ce que peut nous apporter le ",
        "userDefined": false
      },
      {
        "text": "bot",
        "meta": "@BotName",
        "alias": "BotName",
        "userDefined": true
      },
      {
        "text": "?",
        "userDefined": false
      }
    ],
    "isTemplate": false,
    "count": 0,
    "lang": "fr",
    "updated": 0
  },
  {
    "id": "7956329c-af25-400c-bd62-e5363732fb24",
    "data": [
      {
        "text": "ChatBot",
        "meta": "@BotName",
        "alias": "BotName",
        "userDefined": true
      },
      {
        "text": ", que peux-tu faire pour moi ?",
        "userDefined": false
      }
    ],
    "isTemplate": false,
    "count": 0,
    "lang": "fr",
    "updated": 0
  }
]