[
  {
    "data": [
      {
        "text": "Salut moi c\u0027est ",
        "userDefined": false
      },
      {
        "text": "Sarah",
        "meta": "@name",
        "alias": "name",
        "userDefined": true
      }
    ],
    "isTemplate": false,
    "count": 0,
    "lang": "fr",
    "updated": 0
  },
  {
    "data": [
      {
        "text": "Je m\u0027appelle ",
        "userDefined": false
      },
      {
        "text": "Théo",
        "meta": "@name",
        "alias": "name",
        "userDefined": true
      }
    ],
    "isTemplate": false,
    "count": 0,
    "lang": "fr",
    "updated": 0
  },
  {
    "data": [
      {
        "text": "Je suis ",
        "userDefined": false
      },
      {
        "text": "Lucas",
        "meta": "@name",
        "alias": "name",
        "userDefined": true
      }
    ],
    "isTemplate": false,
    "count": 0,
    "lang": "fr",
    "updated": 0
  },
  {
    "data": [
      {
        "text": "Bonjour, je m\u0027appelle ",
        "userDefined": false
      },
      {
        "text": "Malaury",
        "meta": "@name",
        "alias": "name",
        "userDefined": false
      }
    ],
    "isTemplate": false,
    "count": 0,
    "lang": "fr",
    "updated": 0
  }
]