[
  {
    "id": "365ff04e-0ecb-4d44-ad23-908d65c8b64e",
    "data": [
      {
        "text": "C\u0027est à quelle ",
        "userDefined": false
      },
      {
        "text": "heure",
        "meta": "@sys.any",
        "alias": "any",
        "userDefined": false
      },
      {
        "text": " la ",
        "userDefined": false
      },
      {
        "text": "réunion",
        "meta": "@event",
        "alias": "event",
        "userDefined": false
      },
      {
        "text": " de ",
        "userDefined": false
      },
      {
        "text": "jeudi",
        "meta": "@sys.date-time",
        "alias": "jour",
        "userDefined": false
      },
      {
        "text": " ",
        "userDefined": false
      },
      {
        "text": "déjà ?",
        "meta": "@sys.ignore",
        "userDefined": false
      }
    ],
    "isTemplate": false,
    "count": 0,
    "lang": "fr",
    "updated": 0
  },
  {
    "id": "e6203f60-54ab-4361-af02-137d43d1aa07",
    "data": [
      {
        "text": "Je ne me rappelle plus à quelle ",
        "userDefined": false
      },
      {
        "text": "heure",
        "meta": "@sys.any",
        "alias": "any",
        "userDefined": false
      },
      {
        "text": " est la ",
        "userDefined": false
      },
      {
        "text": "réunion",
        "meta": "@event",
        "alias": "event",
        "userDefined": false
      },
      {
        "text": " de ",
        "userDefined": false
      },
      {
        "text": "jeudi",
        "meta": "@sys.date-time",
        "alias": "jour",
        "userDefined": false
      }
    ],
    "isTemplate": false,
    "count": 0,
    "lang": "fr",
    "updated": 0
  },
  {
    "id": "c6f70d57-8969-4333-9f5f-9cbb063a3180",
    "data": [
      {
        "text": "On a ",
        "userDefined": false
      },
      {
        "text": "quoi de prévu",
        "meta": "@sys.ignore",
        "userDefined": false
      },
      {
        "text": " pour ",
        "userDefined": false
      },
      {
        "text": "lundi",
        "meta": "@sys.date-time",
        "alias": "jour",
        "userDefined": false
      },
      {
        "text": "?",
        "userDefined": false
      }
    ],
    "isTemplate": false,
    "count": 0,
    "lang": "fr",
    "updated": 0
  },
  {
    "id": "9ce73327-c2a1-423c-8b78-59996a826732",
    "data": [
      {
        "text": "Je me ",
        "userDefined": false
      },
      {
        "text": "demande",
        "meta": "@sys.ignore",
        "userDefined": false
      },
      {
        "text": " si la ",
        "userDefined": false
      },
      {
        "text": "salle",
        "meta": "@sys.ignore",
        "userDefined": false
      },
      {
        "text": " ",
        "userDefined": false
      },
      {
        "text": "B038",
        "meta": "@lieux",
        "alias": "lieux",
        "userDefined": false
      },
      {
        "text": " est libre ",
        "userDefined": false
      },
      {
        "text": "demain à 10h",
        "meta": "@sys.date-time",
        "alias": "jour",
        "userDefined": false
      }
    ],
    "isTemplate": false,
    "count": 0,
    "lang": "fr",
    "updated": 0
  },
  {
    "id": "fedf016d-09d2-4ed3-9833-0122be6d5ba2",
    "data": [
      {
        "text": "Vous savez",
        "meta": "@sys.ignore",
        "userDefined": false
      },
      {
        "text": " quand est la prochaine ",
        "userDefined": false
      },
      {
        "text": "conférence",
        "meta": "@event",
        "alias": "event",
        "userDefined": false
      },
      {
        "text": "?",
        "userDefined": false
      }
    ],
    "isTemplate": false,
    "count": 0,
    "lang": "fr",
    "updated": 0
  },
  {
    "id": "c57d5e0b-c418-402b-a5f9-df056d233577",
    "data": [
      {
        "text": "Chatbot",
        "meta": "@BotName",
        "alias": "BotName",
        "userDefined": false
      },
      {
        "text": " Dans quelle ",
        "userDefined": false
      },
      {
        "text": "salle",
        "meta": "@sys.any",
        "alias": "any",
        "userDefined": true
      },
      {
        "text": " est la ",
        "userDefined": false
      },
      {
        "text": "réunion",
        "meta": "@event",
        "alias": "event",
        "userDefined": false
      },
      {
        "text": " de ",
        "userDefined": false
      },
      {
        "text": "14h",
        "meta": "@sys.date-time",
        "alias": "jour",
        "userDefined": false
      },
      {
        "text": "?",
        "userDefined": false
      }
    ],
    "isTemplate": false,
    "count": 0,
    "lang": "fr",
    "updated": 0
  },
  {
    "id": "17f5d543-3c25-4e1c-af25-592369aa052d",
    "data": [
      {
        "text": "@ChatBot",
        "meta": "@BotName",
        "alias": "BotName",
        "userDefined": true
      },
      {
        "text": " Que se passe-t-il ",
        "userDefined": false
      },
      {
        "text": "demain",
        "meta": "@sys.date-time",
        "alias": "jour",
        "userDefined": true
      },
      {
        "text": "?",
        "userDefined": false
      }
    ],
    "isTemplate": false,
    "count": 0,
    "lang": "fr",
    "updated": 0
  },
  {
    "id": "d5bb4f70-2eb9-49a9-bcbb-1db264a2236a",
    "data": [
      {
        "text": "Vous savez",
        "meta": "@sys.ignore",
        "userDefined": false
      },
      {
        "text": " dans quelle ",
        "userDefined": false
      },
      {
        "text": "salle",
        "meta": "@sys.any",
        "alias": "any",
        "userDefined": false
      },
      {
        "text": " est la ",
        "userDefined": false
      },
      {
        "text": "réu",
        "meta": "@event",
        "alias": "event",
        "userDefined": false
      },
      {
        "text": " de ",
        "userDefined": false
      },
      {
        "text": "vendredi",
        "meta": "@sys.date-time",
        "alias": "jour",
        "userDefined": false
      },
      {
        "text": "?",
        "userDefined": false
      }
    ],
    "isTemplate": false,
    "count": 0,
    "lang": "fr",
    "updated": 0
  },
  {
    "id": "1e250943-655b-41c6-9e41-f68f5af10eb1",
    "data": [
      {
        "text": "Tu",
        "meta": "@sys.ignore",
        "userDefined": false
      },
      {
        "text": " sais ce qu\u0027il y a de prévu pour ",
        "userDefined": false
      },
      {
        "text": "demain",
        "meta": "@sys.date-time",
        "alias": "jour",
        "userDefined": false
      },
      {
        "text": " ?",
        "userDefined": false
      }
    ],
    "isTemplate": false,
    "count": 0,
    "lang": "fr",
    "updated": 0
  },
  {
    "id": "bb133333-1048-443d-a9f1-dbda114288f4",
    "data": [
      {
        "text": "Dans quelle ",
        "userDefined": false
      },
      {
        "text": "salle",
        "meta": "@sys.any",
        "alias": "any",
        "userDefined": true
      },
      {
        "text": " est prévue la ",
        "userDefined": false
      },
      {
        "text": "réunion",
        "meta": "@event",
        "alias": "event",
        "userDefined": false
      },
      {
        "text": " de ",
        "userDefined": false
      },
      {
        "text": "vendredi",
        "meta": "@sys.date-time",
        "alias": "jour",
        "userDefined": false
      },
      {
        "text": "?",
        "meta": "@sys.ignore",
        "userDefined": false
      }
    ],
    "isTemplate": false,
    "count": 0,
    "lang": "fr",
    "updated": 0
  },
  {
    "id": "8d171ec2-287b-4579-9cbe-dc0f77fe09b4",
    "data": [
      {
        "text": "Comment ",
        "userDefined": false
      },
      {
        "text": "se",
        "meta": "@sys.ignore",
        "userDefined": false
      },
      {
        "text": " déroule la journée de ",
        "userDefined": false
      },
      {
        "text": "demain",
        "meta": "@sys.date-time",
        "alias": "jour",
        "userDefined": false
      },
      {
        "text": "?",
        "userDefined": false
      }
    ],
    "isTemplate": false,
    "count": 0,
    "lang": "fr",
    "updated": 0
  },
  {
    "id": "9b376dd0-c628-4a64-bcbe-92cf6e0075d5",
    "data": [
      {
        "text": "Que",
        "meta": "@sys.ignore",
        "userDefined": false
      },
      {
        "text": " se passe",
        "userDefined": false
      },
      {
        "text": "-t",
        "meta": "@sys.ignore",
        "userDefined": false
      },
      {
        "text": "-il ",
        "userDefined": false
      },
      {
        "text": "demain",
        "meta": "@sys.date-time",
        "alias": "jour",
        "userDefined": false
      },
      {
        "text": "?",
        "userDefined": false
      }
    ],
    "isTemplate": false,
    "count": 0,
    "lang": "fr",
    "updated": 0
  },
  {
    "id": "8e65892d-3434-4df6-93d5-921604fe8c4e",
    "data": [
      {
        "text": "Est-ce qu\u0027il y a ",
        "userDefined": false
      },
      {
        "text": "quelque chose de",
        "meta": "@sys.ignore",
        "userDefined": false
      },
      {
        "text": " prévu ",
        "userDefined": false
      },
      {
        "text": "demain",
        "meta": "@sys.date-time",
        "alias": "jour",
        "userDefined": false
      },
      {
        "text": "?",
        "userDefined": false
      }
    ],
    "isTemplate": false,
    "count": 0,
    "lang": "fr",
    "updated": 0
  },
  {
    "id": "32c65898-b63e-40da-ab89-8fd55013d2f2",
    "data": [
      {
        "text": "Je ",
        "userDefined": false
      },
      {
        "text": "ne",
        "meta": "@sys.ignore",
        "userDefined": false
      },
      {
        "text": " sais plus à quelle ",
        "userDefined": false
      },
      {
        "text": "heure",
        "meta": "@sys.any",
        "alias": "any",
        "userDefined": false
      },
      {
        "text": " est la ",
        "userDefined": false
      },
      {
        "text": "réunion",
        "meta": "@event",
        "alias": "event",
        "userDefined": false
      },
      {
        "text": " de ",
        "userDefined": false
      },
      {
        "text": "demain",
        "meta": "@sys.date-time",
        "alias": "jour",
        "userDefined": false
      }
    ],
    "isTemplate": false,
    "count": 0,
    "lang": "fr",
    "updated": 0
  },
  {
    "id": "31d175bb-a2cb-4ef7-b10a-3a810d82ea45",
    "data": [
      {
        "text": "Est-ce que ",
        "userDefined": false
      },
      {
        "text": "la salle",
        "meta": "@sys.ignore",
        "userDefined": false
      },
      {
        "text": " ",
        "userDefined": false
      },
      {
        "text": "B038",
        "meta": "@lieux",
        "alias": "lieux",
        "userDefined": true
      },
      {
        "text": " ",
        "userDefined": false
      },
      {
        "text": "est",
        "meta": "@sys.ignore",
        "userDefined": false
      },
      {
        "text": " libre ",
        "userDefined": false
      },
      {
        "text": "demain à 10h",
        "meta": "@sys.date-time",
        "alias": "jour",
        "userDefined": false
      },
      {
        "text": "?",
        "userDefined": false
      }
    ],
    "isTemplate": false,
    "count": 0,
    "lang": "fr",
    "updated": 0
  },
  {
    "id": "f7afa3ea-5095-4e49-8df9-4d477b8dc033",
    "data": [
      {
        "text": "Dans quelle ",
        "userDefined": false
      },
      {
        "text": "salle",
        "meta": "@sys.any",
        "alias": "any",
        "userDefined": true
      },
      {
        "text": " est la ",
        "userDefined": false
      },
      {
        "text": "réunion",
        "meta": "@event",
        "alias": "event",
        "userDefined": false
      },
      {
        "text": " de ",
        "userDefined": false
      },
      {
        "text": "14h",
        "meta": "@sys.date-time",
        "alias": "jour",
        "userDefined": false
      },
      {
        "text": "?",
        "userDefined": false
      }
    ],
    "isTemplate": false,
    "count": 0,
    "lang": "fr",
    "updated": 0
  },
  {
    "id": "a1a99a69-97ba-4d16-a653-0b1262732b0d",
    "data": [
      {
        "text": "Est-ce qu\u0027on ",
        "userDefined": false
      },
      {
        "text": "a une",
        "meta": "@sys.ignore",
        "userDefined": false
      },
      {
        "text": " ",
        "userDefined": false
      },
      {
        "text": "réunion",
        "meta": "@event",
        "alias": "event",
        "userDefined": false
      },
      {
        "text": " ",
        "userDefined": false
      },
      {
        "text": "aujourd\u0027hui",
        "meta": "@sys.date-time",
        "alias": "jour",
        "userDefined": false
      },
      {
        "text": "?",
        "userDefined": false
      }
    ],
    "isTemplate": false,
    "count": 0,
    "lang": "fr",
    "updated": 0
  },
  {
    "id": "2f62be19-734d-4df5-b9ee-953b04e6fa39",
    "data": [
      {
        "text": "Quand est la prochaine ",
        "userDefined": false
      },
      {
        "text": "conférence",
        "meta": "@event",
        "alias": "event",
        "userDefined": false
      },
      {
        "text": " ?",
        "userDefined": false
      }
    ],
    "isTemplate": false,
    "count": 0,
    "lang": "fr",
    "updated": 0
  },
  {
    "id": "28c06b76-a58d-4e33-b246-7e83b699b509",
    "data": [
      {
        "text": "Quelles sont les prochaines ",
        "userDefined": false
      },
      {
        "text": "réunions",
        "meta": "@event",
        "alias": "event",
        "userDefined": false
      },
      {
        "text": " planifiées?",
        "userDefined": false
      }
    ],
    "isTemplate": false,
    "count": 0,
    "lang": "fr",
    "updated": 0
  },
  {
    "id": "055e3fbe-a0a9-4cf7-8aa4-fdf4f51a1548",
    "data": [
      {
        "text": "A quelle ",
        "userDefined": false
      },
      {
        "text": "heure",
        "meta": "@sys.any",
        "alias": "any",
        "userDefined": true
      },
      {
        "text": " est la ",
        "userDefined": false
      },
      {
        "text": "réunion",
        "meta": "@event",
        "alias": "event",
        "userDefined": false
      },
      {
        "text": " de ",
        "userDefined": false
      },
      {
        "text": "demain",
        "meta": "@sys.date-time",
        "alias": "jour",
        "userDefined": false
      },
      {
        "text": "?",
        "userDefined": false
      }
    ],
    "isTemplate": false,
    "count": 0,
    "lang": "fr",
    "updated": 0
  }
]