[
  {
    "id": "15812902-6dcd-4762-b452-1d0fc88d267e",
    "data": [
      {
        "text": "Bonjour, je m\u0027appelle ",
        "userDefined": false
      },
      {
        "text": "Malaury",
        "meta": "@name",
        "alias": "name",
        "userDefined": false
      }
    ],
    "isTemplate": false,
    "count": 0,
    "lang": "fr",
    "updated": 0
  },
  {
    "id": "73cae65c-da38-47e5-be92-d4041bf19b67",
    "data": [
      {
        "text": "Malaury",
        "meta": "@name",
        "alias": "name",
        "userDefined": false
      }
    ],
    "isTemplate": false,
    "count": 0,
    "lang": "fr",
    "updated": 0
  }
]